Date,Produit,Prix,Demande,Saison
2025-01-01,Haricot,2668,2,1
2025-01-02,Haricot,2658,2,1
2025-01-03,Haricot,2950,3,1
2025-01-04,Haricot,2725,2,1
2025-01-05,Haricot,2951,3,1
2025-01-06,Haricot,2423,1,1
2025-01-07,Haricot,2556,1,1
2025-01-08,Haricot,2563,1,1
2025-01-09,Haricot,2536,1,1
2025-01-10,Haricot,2497,1,1
2025-01-11,Haricot,2469,1,1
2025-01-12,Haricot,2857,3,1
2025-01-13,Haricot,2540,1,1
2025-01-14,Haricot,2862,3,1
2025-01-15,Haricot,2530,1,1
2025-01-16,Haricot,2464,1,1
2025-01-17,Haricot,2690,2,1
2025-01-18,Haricot,2579,1,1
2025-01-19,Haricot,2875,3,1
2025-01-20,Haricot,2493,1,1
2025-01-21,Haricot,2981,3,1
2025-01-22,Haricot,2421,1,1
2025-01-23,Haricot,2959,3,1
2025-01-24,Haricot,2883,3,1
2025-01-25,Haricot,2673,2,1
2025-01-26,Haricot,2545,1,1
2025-01-27,Haricot,2794,2,1
2025-01-28,Haricot,2559,1,1
2025-01-29,Haricot,2824,3,1
2025-01-30,Haricot,2897,3,1
2025-01-31,Haricot,2430,1,1
2025-02-01,Haricot,2850,3,1
2025-02-02,Haricot,2461,1,1
2025-02-03,Haricot,2947,3,1
2025-02-04,Haricot,2571,1,1
2025-02-05,Haricot,2845,3,1
2025-02-06,Haricot,2711,2,1
2025-02-07,Haricot,2873,3,1
2025-02-08,Haricot,2546,1,1
2025-02-09,Haricot,2518,1,1
2025-02-10,Haricot,2992,3,1
2025-02-11,Haricot,2668,2,1
2025-02-12,Haricot,2814,3,1
2025-02-13,Haricot,2577,1,1
2025-02-14,Haricot,2711,2,1
2025-02-15,Haricot,2542,1,1
2025-02-16,Haricot,2699,2,1
2025-02-17,Haricot,2499,1,1
2025-02-18,Haricot,2948,3,1
2025-02-19,Haricot,2741,2,1
2025-02-20,Haricot,2780,2,1
2025-02-21,Haricot,2494,1,1
2025-02-22,Haricot,2640,2,1
2025-02-23,Haricot,2807,3,1
2025-02-24,Haricot,2873,3,1
2025-02-25,Haricot,2600,1,1
2025-02-26,Haricot,2558,1,1
2025-02-27,Haricot,2912,3,1
2025-02-28,Haricot,2473,1,1
2025-03-01,Haricot,2533,1,1
2025-03-02,Haricot,2573,1,1
2025-03-03,Haricot,2445,1,1
2025-03-04,Haricot,2527,1,1
2025-03-05,Haricot,2560,1,1
2025-03-06,Haricot,2917,3,1
2025-03-07,Haricot,2761,2,1
2025-03-08,Haricot,2568,1,1
2025-03-09,Haricot,2840,3,1
2025-03-10,Haricot,3000,3,1
2025-03-11,Haricot,2537,1,1
2025-03-12,Haricot,2423,1,1
2025-03-13,Haricot,2563,1,1
2025-03-14,Haricot,2629,2,1
2025-03-15,Haricot,2923,3,1
2025-03-16,Haricot,2866,3,1
2025-03-17,Haricot,2469,1,1
2025-03-18,Haricot,2999,3,1
2025-03-19,Haricot,2738,2,1
2025-03-20,Haricot,2482,1,1
2025-03-21,Haricot,2548,1,1
2025-03-22,Haricot,2877,3,1
2025-03-23,Haricot,2829,3,1
2025-03-24,Haricot,2402,1,1
2025-03-25,Haricot,2939,3,1
2025-03-26,Haricot,2411,1,1
2025-03-27,Haricot,2902,3,1
2025-03-28,Haricot,2646,2,1
2025-03-29,Haricot,2721,2,1
2025-03-30,Haricot,2900,3,1
2025-03-31,Haricot,2405,1,1
2025-04-01,Haricot,2962,3,1
2025-04-02,Haricot,2855,3,1
2025-04-03,Haricot,2790,2,1
2025-04-04,Haricot,2868,3,1
2025-04-05,Haricot,2902,3,1
2025-04-06,Haricot,2592,1,1
2025-04-07,Haricot,2903,3,1
2025-04-08,Haricot,2573,1,1
2025-04-09,Haricot,2944,3,1
2025-04-10,Haricot,2594,1,1
2025-04-11,Haricot,2407,1,1
2025-04-12,Haricot,2769,2,1
2025-04-13,Haricot,2651,2,1
2025-04-14,Haricot,2800,3,1
2025-04-15,Haricot,2733,2,1
2025-04-16,Haricot,2524,1,1
2025-04-17,Haricot,2576,1,1
2025-04-18,Haricot,2530,1,1
2025-04-19,Haricot,2999,3,1
2025-04-20,Haricot,2961,3,1
2025-04-21,Haricot,2709,2,1
2025-04-22,Haricot,2631,2,1
2025-04-23,Haricot,2859,3,1
2025-04-24,Haricot,2843,3,1
2025-04-25,Haricot,2582,1,1
2025-04-26,Haricot,2941,3,1
2025-04-27,Haricot,2917,3,1
2025-04-28,Haricot,2531,1,1
2025-04-29,Haricot,2802,3,1
2025-04-30,Haricot,2647,2,1
2025-05-01,Haricot,2590,1,1
2025-05-02,Haricot,2489,1,1
2025-05-03,Haricot,2754,2,1
2025-05-04,Haricot,2468,1,1
2025-05-05,Haricot,2471,1,1
2025-05-06,Haricot,2613,2,1
2025-05-07,Haricot,2535,1,1
2025-05-08,Haricot,2573,1,1
2025-05-09,Haricot,2476,1,1
2025-05-10,Haricot,2953,3,1
2025-05-11,Haricot,2689,2,1
2025-05-12,Haricot,2835,3,1
2025-05-13,Haricot,2615,2,1
2025-05-14,Haricot,2659,2,1
2025-05-15,Haricot,2990,3,1
2025-05-16,Haricot,2516,1,1
2025-05-17,Haricot,2751,2,1
2025-05-18,Haricot,2737,2,1
2025-05-19,Haricot,2971,3,1
2025-05-20,Haricot,2841,3,1
2025-05-21,Haricot,2627,2,1
2025-05-22,Haricot,2490,1,1
2025-05-23,Haricot,2996,3,1
2025-05-24,Haricot,2953,3,1
2025-05-25,Haricot,2872,3,1
2025-05-26,Haricot,2469,1,1
2025-05-27,Haricot,2514,1,1
2025-05-28,Haricot,2416,1,1
2025-05-29,Haricot,2719,2,1
2025-05-30,Haricot,2689,2,1
2025-05-31,Haricot,2913,3,1
2025-06-01,Haricot,2567,3,0
2025-06-02,Haricot,2515,3,0
2025-06-03,Haricot,2619,3,0
2025-06-04,Haricot,2444,2,0
2025-06-05,Haricot,2269,1,0
2025-06-06,Haricot,2353,2,0
2025-06-07,Haricot,2155,1,0
2025-06-08,Haricot,2359,2,0
2025-06-09,Haricot,2473,2,0
2025-06-10,Haricot,2549,3,0
2025-06-11,Haricot,2587,3,0
2025-06-12,Haricot,2678,3,0
2025-06-13,Haricot,2159,1,0
2025-06-14,Haricot,2266,1,0
2025-06-15,Haricot,2588,3,0
2025-06-16,Haricot,2160,1,0
2025-06-17,Haricot,2454,2,0
2025-06-18,Haricot,2513,3,0
2025-06-19,Haricot,2247,1,0
2025-06-20,Haricot,2519,3,0
2025-06-21,Haricot,2271,1,0
2025-06-22,Haricot,2271,1,0
2025-06-23,Haricot,2514,3,0
2025-06-24,Haricot,2551,3,0
2025-06-25,Haricot,2492,2,0
2025-06-26,Haricot,2489,2,0
2025-06-27,Haricot,2341,2,0
2025-06-28,Haricot,2492,2,0
2025-06-29,Haricot,2312,2,0
2025-06-30,Haricot,2225,1,0
2025-07-01,Haricot,2399,2,0
2025-07-02,Haricot,2681,3,0
2025-07-03,Haricot,2309,2,0
2025-07-04,Haricot,2449,2,0
2025-07-05,Haricot,2345,2,0
2025-07-06,Haricot,2635,3,0
2025-07-07,Haricot,2490,2,0
2025-07-08,Haricot,2124,1,0
2025-07-09,Haricot,2328,2,0
2025-07-10,Haricot,2456,2,0
2025-07-11,Haricot,2283,1,0
2025-07-12,Haricot,2400,2,0
2025-07-13,Haricot,2490,2,0
2025-07-14,Haricot,2545,3,0
2025-07-15,Haricot,2569,3,0
2025-07-16,Haricot,2473,2,0
2025-07-17,Haricot,2513,3,0
2025-07-18,Haricot,2650,3,0
2025-07-19,Haricot,2112,1,0
2025-07-20,Haricot,2563,3,0
2025-07-21,Haricot,2204,1,0
2025-07-22,Haricot,2331,2,0
2025-07-23,Haricot,2680,3,0
2025-07-24,Haricot,2241,1,0
2025-07-25,Haricot,2430,2,0
2025-07-26,Haricot,2565,3,0
2025-07-27,Haricot,2140,1,0
2025-07-28,Haricot,2507,3,0
2025-07-29,Haricot,2268,1,0
2025-07-30,Haricot,2232,1,0
2025-07-31,Haricot,2449,2,0
2025-08-01,Haricot,2536,3,0
2025-08-02,Haricot,2246,1,0
2025-08-03,Haricot,2266,1,0
2025-08-04,Haricot,2521,3,0
2025-08-05,Haricot,2562,3,0
2025-08-06,Haricot,2600,3,0
2025-08-07,Haricot,2529,3,0
2025-08-08,Haricot,2193,1,0
2025-08-09,Haricot,2172,1,0
2025-08-10,Haricot,2651,3,0
2025-08-11,Haricot,2330,2,0
2025-08-12,Haricot,2556,3,0
2025-08-13,Haricot,2116,1,0
2025-08-14,Haricot,2128,1,0
2025-08-15,Haricot,2685,3,0
2025-08-16,Haricot,2142,1,0
2025-08-17,Haricot,2666,3,0
2025-08-18,Haricot,2392,2,0
2025-08-19,Haricot,2625,3,0
2025-08-20,Haricot,2229,1,0
2025-08-21,Haricot,2616,3,0
2025-08-22,Haricot,2302,2,0
2025-08-23,Haricot,2135,1,0
2025-08-24,Haricot,2589,3,0
2025-08-25,Haricot,2100,1,0
2025-08-26,Haricot,2301,2,0
2025-08-27,Haricot,2207,1,0
2025-08-28,Haricot,2306,2,0
2025-08-29,Haricot,2539,3,0
2025-08-30,Haricot,2694,3,0
2025-08-31,Haricot,2353,2,0
2025-09-01,Haricot,2204,1,0
2025-09-02,Haricot,2343,2,0
2025-09-03,Haricot,2575,3,0
2025-09-04,Haricot,2349,2,0
2025-09-05,Haricot,2298,1,0
2025-09-06,Haricot,2530,3,0
2025-09-07,Haricot,2471,2,0
2025-09-08,Haricot,2675,3,0
2025-09-09,Haricot,2688,3,0
2025-09-10,Haricot,2429,2,0
2025-09-11,Haricot,2153,1,0
2025-09-12,Haricot,2139,1,0
2025-09-13,Haricot,2436,2,0
2025-09-14,Haricot,2324,2,0
2025-09-15,Haricot,2296,1,0
2025-09-16,Haricot,2285,1,0
2025-09-17,Haricot,2308,2,0
2025-09-18,Haricot,2335,2,0
2025-09-19,Haricot,2255,1,0
2025-09-20,Haricot,2660,3,0
2025-09-21,Haricot,2531,3,0
2025-09-22,Haricot,2445,2,0
2025-09-23,Haricot,2368,2,0
2025-09-24,Haricot,2411,2,0
2025-09-25,Haricot,2617,3,0
2025-09-26,Haricot,2455,2,0
2025-09-27,Haricot,2379,2,0
2025-09-28,Haricot,2229,1,0
2025-09-29,Haricot,2237,1,0
2025-09-30,Haricot,2124,1,0
2025-10-01,Haricot,2638,2,1
2025-10-02,Haricot,2764,2,1
2025-10-03,Haricot,2894,3,1
2025-10-04,Haricot,2970,3,1
2025-10-05,Haricot,2979,3,1
2025-10-06,Haricot,2978,3,1
2025-10-07,Haricot,2848,3,1
2025-10-08,Haricot,2921,3,1
2025-10-09,Haricot,2728,2,1
2025-10-10,Haricot,2726,2,1
2025-10-11,Haricot,2847,3,1
2025-10-12,Haricot,2864,3,1
2025-10-13,Haricot,2631,2,1
2025-10-14,Haricot,2646,2,1
2025-10-15,Haricot,2706,2,1
2025-10-16,Haricot,2766,2,1
2025-10-17,Haricot,2812,3,1
2025-10-18,Haricot,2509,1,1
2025-10-19,Haricot,2828,3,1
2025-10-20,Haricot,2994,3,1
2025-10-21,Haricot,2636,2,1
2025-10-22,Haricot,2995,3,1
2025-10-23,Haricot,2991,3,1
2025-10-24,Haricot,2754,2,1
2025-10-25,Haricot,2939,3,1
2025-10-26,Haricot,2987,3,1
2025-10-27,Haricot,2798,2,1
2025-10-28,Haricot,2972,3,1
2025-10-29,Haricot,2574,1,1
2025-10-30,Haricot,2500,1,1
2025-10-31,Haricot,2509,1,1
2025-11-01,Haricot,2942,3,1
2025-11-02,Haricot,2902,3,1
2025-11-03,Haricot,2919,3,1
2025-11-04,Haricot,2922,3,1
2025-11-05,Haricot,2403,1,1
2025-11-06,Haricot,2674,2,1
2025-11-07,Haricot,2523,1,1
2025-11-08,Haricot,2504,1,1
2025-11-09,Haricot,2789,2,1
2025-11-10,Haricot,2668,2,1
2025-11-11,Haricot,2756,2,1
2025-11-12,Haricot,2707,2,1
2025-11-13,Haricot,2594,1,1
2025-11-14,Haricot,2684,2,1
2025-11-15,Haricot,2788,2,1
2025-11-16,Haricot,2624,2,1
2025-11-17,Haricot,2614,2,1
2025-11-18,Haricot,2798,2,1
2025-11-19,Haricot,2404,1,1
2025-11-20,Haricot,2759,2,1
2025-11-21,Haricot,2554,1,1
2025-11-22,Haricot,2608,2,1
2025-11-23,Haricot,2824,3,1
2025-11-24,Haricot,2523,1,1
2025-11-25,Haricot,2544,1,1
2025-11-26,Haricot,2577,1,1
2025-11-27,Haricot,2410,1,1
2025-11-28,Haricot,2749,2,1
2025-11-29,Haricot,2729,2,1
2025-11-30,Haricot,2777,2,1
2025-12-01,Haricot,2741,2,1
2025-12-02,Haricot,2759,2,1
2025-12-03,Haricot,2652,2,1
2025-12-04,Haricot,2787,2,1
2025-12-05,Haricot,3000,3,1
2025-12-06,Haricot,2706,2,1
2025-12-07,Haricot,2882,3,1
2025-12-08,Haricot,2547,1,1
2025-12-09,Haricot,2907,3,1
2025-12-10,Haricot,2571,1,1
2025-12-11,Haricot,2764,2,1
2025-12-12,Haricot,2828,3,1
2025-12-13,Haricot,2499,1,1
2025-12-14,Haricot,2461,1,1
2025-12-15,Haricot,2690,2,1
2025-12-16,Haricot,2644,2,1
2025-12-17,Haricot,2726,2,1
2025-12-18,Haricot,2984,3,1
2025-12-19,Haricot,2751,2,1
2025-12-20,Haricot,2709,2,1
2025-12-21,Haricot,2510,1,1
2025-12-22,Haricot,2654,2,1
2025-12-23,Haricot,2408,1,1
2025-12-24,Haricot,2977,3,1
2025-12-25,Haricot,2830,3,1
2025-12-26,Haricot,2687,2,1
2025-12-27,Haricot,2635,2,1
2025-12-28,Haricot,2411,1,1
2025-12-29,Haricot,2838,3,1
2025-12-30,Haricot,2935,3,1
2025-12-31,Haricot,2617,2,1
2026-01-01,Haricot,2447,1,1
2026-01-02,Haricot,2512,1,1
2026-01-03,Haricot,2982,3,1
2026-01-04,Haricot,2768,2,1
2026-01-05,Haricot,2973,3,1
2026-01-06,Haricot,2576,1,1
2026-01-07,Haricot,2785,2,1
2026-01-08,Haricot,2526,1,1
2026-01-09,Haricot,2441,1,1
2026-01-10,Haricot,2404,1,1
2026-01-11,Haricot,2489,1,1
2026-01-12,Haricot,2657,2,1
2026-01-13,Haricot,2756,2,1
2026-01-14,Haricot,2504,1,1
2026-01-15,Haricot,2987,3,1
2026-01-16,Haricot,2843,3,1
2026-01-17,Haricot,2498,1,1
2026-01-18,Haricot,2542,1,1
2026-01-19,Haricot,2643,2,1
2026-01-20,Haricot,2803,3,1
2026-01-21,Haricot,2911,3,1
2026-01-22,Haricot,2806,3,1
2026-01-23,Haricot,2781,2,1
2026-01-24,Haricot,2797,2,1
2026-01-25,Haricot,2473,1,1
2026-01-26,Haricot,3000,3,1
2026-01-27,Haricot,2460,1,1
2026-01-28,Haricot,2743,2,1
2026-01-29,Haricot,2566,1,1
2026-01-30,Haricot,2442,1,1
2026-01-31,Haricot,2468,1,1
2026-02-01,Haricot,2585,1,1
2026-02-02,Haricot,2846,3,1
2026-02-03,Haricot,2799,2,1
2026-02-04,Haricot,2830,3,1
2025-01-01,Maïs,2374,3,1
2025-01-02,Maïs,2036,1,1
2025-01-03,Maïs,2127,2,1
2025-01-04,Maïs,2408,3,1
2025-01-05,Maïs,2407,3,1
2025-01-06,Maïs,2365,3,1
2025-01-07,Maïs,2066,1,1
2025-01-08,Maïs,1970,1,1
2025-01-09,Maïs,2405,3,1
2025-01-10,Maïs,2487,3,1
2025-01-11,Maïs,2408,3,1
2025-01-12,Maïs,2240,2,1
2025-01-13,Maïs,2138,2,1
2025-01-14,Maïs,2124,2,1
2025-01-15,Maïs,2034,1,1
2025-01-16,Maïs,2075,1,1
2025-01-17,Maïs,2247,2,1
2025-01-18,Maïs,1954,1,1
2025-01-19,Maïs,2105,2,1
2025-01-20,Maïs,2011,1,1
2025-01-21,Maïs,2014,1,1
2025-01-22,Maïs,2098,1,1
2025-01-23,Maïs,2072,1,1
2025-01-24,Maïs,2384,3,1
2025-01-25,Maïs,2354,3,1
2025-01-26,Maïs,2163,2,1
2025-01-27,Maïs,2382,3,1
2025-01-28,Maïs,2071,1,1
2025-01-29,Maïs,2339,3,1
2025-01-30,Maïs,2246,2,1
2025-01-31,Maïs,2147,2,1
2025-02-01,Maïs,1999,1,1
2025-02-02,Maïs,2356,3,1
2025-02-03,Maïs,2390,3,1
2025-02-04,Maïs,2147,2,1
2025-02-05,Maïs,2430,3,1
2025-02-06,Maïs,2087,1,1
2025-02-07,Maïs,2029,1,1
2025-02-08,Maïs,2290,2,1
2025-02-09,Maïs,2074,1,1
2025-02-10,Maïs,2439,3,1
2025-02-11,Maïs,2031,1,1
2025-02-12,Maïs,2337,3,1
2025-02-13,Maïs,2435,3,1
2025-02-14,Maïs,2299,2,1
2025-02-15,Maïs,2344,3,1
2025-02-16,Maïs,2171,2,1
2025-02-17,Maïs,2298,2,1
2025-02-18,Maïs,2004,1,1
2025-02-19,Maïs,2169,2,1
2025-02-20,Maïs,2127,2,1
2025-02-21,Maïs,2436,3,1
2025-02-22,Maïs,2069,1,1
2025-02-23,Maïs,2252,2,1
2025-02-24,Maïs,2146,2,1
2025-02-25,Maïs,2058,1,1
2025-02-26,Maïs,1976,1,1
2025-02-27,Maïs,2481,3,1
2025-02-28,Maïs,2284,2,1
2025-03-01,Maïs,2137,2,1
2025-03-02,Maïs,2223,2,1
2025-03-03,Maïs,2329,3,1
2025-03-04,Maïs,2163,2,1
2025-03-05,Maïs,2021,1,1
2025-03-06,Maïs,2300,3,1
2025-03-07,Maïs,2116,2,1
2025-03-08,Maïs,2411,3,1
2025-03-09,Maïs,2044,1,1
2025-03-10,Maïs,2045,1,1
2025-03-11,Maïs,2128,2,1
2025-03-12,Maïs,2063,1,1
2025-03-13,Maïs,2173,2,1
2025-03-14,Maïs,2197,2,1
2025-03-15,Maïs,2225,2,1
2025-03-16,Maïs,2140,2,1
2025-03-17,Maïs,1926,1,1
2025-03-18,Maïs,2418,3,1
2025-03-19,Maïs,2453,3,1
2025-03-20,Maïs,2044,1,1
2025-03-21,Maïs,2405,3,1
2025-03-22,Maïs,2319,3,1
2025-03-23,Maïs,2397,3,1
2025-03-24,Maïs,2384,3,1
2025-03-25,Maïs,2432,3,1
2025-03-26,Maïs,1921,1,1
2025-03-27,Maïs,1912,1,1
2025-03-28,Maïs,1922,1,1
2025-03-29,Maïs,2112,2,1
2025-03-30,Maïs,2190,2,1
2025-03-31,Maïs,2046,1,1
2025-04-01,Maïs,2039,1,1
2025-04-02,Maïs,2064,1,1
2025-04-03,Maïs,2188,2,1
2025-04-04,Maïs,2456,3,1
2025-04-05,Maïs,1937,1,1
2025-04-06,Maïs,2164,2,1
2025-04-07,Maïs,2164,2,1
2025-04-08,Maïs,2142,2,1
2025-04-09,Maïs,2232,2,1
2025-04-10,Maïs,1971,1,1
2025-04-11,Maïs,2300,2,1
2025-04-12,Maïs,2349,3,1
2025-04-13,Maïs,1994,1,1
2025-04-14,Maïs,2412,3,1
2025-04-15,Maïs,2355,3,1
2025-04-16,Maïs,1991,1,1
2025-04-17,Maïs,1960,1,1
2025-04-18,Maïs,2100,2,1
2025-04-19,Maïs,1939,1,1
2025-04-20,Maïs,1981,1,1
2025-04-21,Maïs,2437,3,1
2025-04-22,Maïs,2090,1,1
2025-04-23,Maïs,2064,1,1
2025-04-24,Maïs,2067,1,1
2025-04-25,Maïs,2299,2,1
2025-04-26,Maïs,1924,1,1
2025-04-27,Maïs,2231,2,1
2025-04-28,Maïs,2283,2,1
2025-04-29,Maïs,2146,2,1
2025-04-30,Maïs,2375,3,1
2025-05-01,Maïs,1903,1,1
2025-05-02,Maïs,1905,1,1
2025-05-03,Maïs,2262,2,1
2025-05-04,Maïs,2260,2,1
2025-05-05,Maïs,1925,1,1
2025-05-06,Maïs,2095,1,1
2025-05-07,Maïs,2481,3,1
2025-05-08,Maïs,1905,1,1
2025-05-09,Maïs,2071,1,1
2025-05-10,Maïs,1903,1,1
2025-05-11,Maïs,2028,1,1
2025-05-12,Maïs,2263,2,1
2025-05-13,Maïs,2443,3,1
2025-05-14,Maïs,2077,1,1
2025-05-15,Maïs,2445,3,1
2025-05-16,Maïs,2013,1,1
2025-05-17,Maïs,2381,3,1
2025-05-18,Maïs,2395,3,1
2025-05-19,Maïs,2371,3,1
2025-05-20,Maïs,1904,1,1
2025-05-21,Maïs,2008,1,1
2025-05-22,Maïs,1963,1,1
2025-05-23,Maïs,2172,2,1
2025-05-24,Maïs,2167,2,1
2025-05-25,Maïs,2180,2,1
2025-05-26,Maïs,2042,1,1
2025-05-27,Maïs,2266,2,1
2025-05-28,Maïs,2132,2,1
2025-05-29,Maïs,2468,3,1
2025-05-30,Maïs,2073,1,1
2025-05-31,Maïs,1975,1,1
2025-06-01,Maïs,1791,1,0
2025-06-02,Maïs,2030,3,0
2025-06-03,Maïs,2078,3,0
2025-06-04,Maïs,1602,1,0
2025-06-05,Maïs,1654,1,0
2025-06-06,Maïs,1748,1,0
2025-06-07,Maïs,1674,1,0
2025-06-08,Maïs,1657,1,0
2025-06-09,Maïs,1657,1,0
2025-06-10,Maïs,2005,3,0
2025-06-11,Maïs,1985,2,0
2025-06-12,Maïs,1843,2,0
2025-06-13,Maïs,2016,3,0
2025-06-14,Maïs,2007,3,0
2025-06-15,Maïs,2183,3,0
2025-06-16,Maïs,1956,2,0
2025-06-17,Maïs,1996,2,0
2025-06-18,Maïs,1774,1,0
2025-06-19,Maïs,1736,1,0
2025-06-20,Maïs,1639,1,0
2025-06-21,Maïs,1893,2,0
2025-06-22,Maïs,1739,1,0
2025-06-23,Maïs,1631,1,0
2025-06-24,Maïs,1721,1,0
2025-06-25,Maïs,1977,2,0
2025-06-26,Maïs,2055,3,0
2025-06-27,Maïs,2018,3,0
2025-06-28,Maïs,1903,2,0
2025-06-29,Maïs,1738,1,0
2025-06-30,Maïs,1807,2,0
2025-07-01,Maïs,1993,2,0
2025-07-02,Maïs,1607,1,0
2025-07-03,Maïs,2158,3,0
2025-07-04,Maïs,2152,3,0
2025-07-05,Maïs,1714,1,0
2025-07-06,Maïs,2126,3,0
2025-07-07,Maïs,1824,2,0
2025-07-08,Maïs,1672,1,0
2025-07-09,Maïs,2158,3,0
2025-07-10,Maïs,2106,3,0
2025-07-11,Maïs,2109,3,0
2025-07-12,Maïs,1788,1,0
2025-07-13,Maïs,1664,1,0
2025-07-14,Maïs,1884,2,0
2025-07-15,Maïs,2082,3,0
2025-07-16,Maïs,1968,2,0
2025-07-17,Maïs,1817,2,0
2025-07-18,Maïs,1936,2,0
2025-07-19,Maïs,1713,1,0
2025-07-20,Maïs,1730,1,0
2025-07-21,Maïs,2024,3,0
2025-07-22,Maïs,2151,3,0
2025-07-23,Maïs,2042,3,0
2025-07-24,Maïs,2163,3,0
2025-07-25,Maïs,1634,1,0
2025-07-26,Maïs,1883,2,0
2025-07-27,Maïs,1815,2,0
2025-07-28,Maïs,1779,1,0
2025-07-29,Maïs,1967,2,0
2025-07-30,Maïs,1714,1,0
2025-07-31,Maïs,2145,3,0
2025-08-01,Maïs,2069,3,0
2025-08-02,Maïs,1667,1,0
2025-08-03,Maïs,1849,2,0
2025-08-04,Maïs,1805,2,0
2025-08-05,Maïs,1882,2,0
2025-08-06,Maïs,2115,3,0
2025-08-07,Maïs,1931,2,0
2025-08-08,Maïs,2168,3,0
2025-08-09,Maïs,1733,1,0
2025-08-10,Maïs,1782,1,0
2025-08-11,Maïs,1835,2,0
2025-08-12,Maïs,1943,2,0
2025-08-13,Maïs,1924,2,0
2025-08-14,Maïs,1817,2,0
2025-08-15,Maïs,2172,3,0
2025-08-16,Maïs,2120,3,0
2025-08-17,Maïs,1829,2,0
2025-08-18,Maïs,1778,1,0
2025-08-19,Maïs,1833,2,0
2025-08-20,Maïs,1776,1,0
2025-08-21,Maïs,1901,2,0
2025-08-22,Maïs,1782,1,0
2025-08-23,Maïs,1921,2,0
2025-08-24,Maïs,1917,2,0
2025-08-25,Maïs,1910,2,0
2025-08-26,Maïs,2006,3,0
2025-08-27,Maïs,2186,3,0
2025-08-28,Maïs,1957,2,0
2025-08-29,Maïs,1698,1,0
2025-08-30,Maïs,2084,3,0
2025-08-31,Maïs,1772,1,0
2025-09-01,Maïs,1697,1,0
2025-09-02,Maïs,1907,2,0
2025-09-03,Maïs,2074,3,0
2025-09-04,Maïs,2039,3,0
2025-09-05,Maïs,1964,2,0
2025-09-06,Maïs,2042,3,0
2025-09-07,Maïs,1726,1,0
2025-09-08,Maïs,1656,1,0
2025-09-09,Maïs,2139,3,0
2025-09-10,Maïs,1687,1,0
2025-09-11,Maïs,2118,3,0
2025-09-12,Maïs,2031,3,0
2025-09-13,Maïs,1847,2,0
2025-09-14,Maïs,2035,3,0
2025-09-15,Maïs,1837,2,0
2025-09-16,Maïs,1741,1,0
2025-09-17,Maïs,2138,3,0
2025-09-18,Maïs,2198,3,0
2025-09-19,Maïs,1874,2,0
2025-09-20,Maïs,1834,2,0
2025-09-21,Maïs,2026,3,0
2025-09-22,Maïs,2111,3,0
2025-09-23,Maïs,1768,1,0
2025-09-24,Maïs,1639,1,0
2025-09-25,Maïs,1774,1,0
2025-09-26,Maïs,2081,3,0
2025-09-27,Maïs,1904,2,0
2025-09-28,Maïs,1961,2,0
2025-09-29,Maïs,1849,2,0
2025-09-30,Maïs,1845,2,0
2025-10-01,Maïs,2488,3,1
2025-10-02,Maïs,2481,3,1
2025-10-03,Maïs,2424,3,1
2025-10-04,Maïs,2412,3,1
2025-10-05,Maïs,2284,2,1
2025-10-06,Maïs,2132,2,1
2025-10-07,Maïs,2187,2,1
2025-10-08,Maïs,2127,2,1
2025-10-09,Maïs,2094,1,1
2025-10-10,Maïs,2068,1,1
2025-10-11,Maïs,2493,3,1
2025-10-12,Maïs,2415,3,1
2025-10-13,Maïs,2149,2,1
2025-10-14,Maïs,2105,2,1
2025-10-15,Maïs,2341,3,1
2025-10-16,Maïs,2342,3,1
2025-10-17,Maïs,2109,2,1
2025-10-18,Maïs,2028,1,1
2025-10-19,Maïs,2292,2,1
2025-10-20,Maïs,2342,3,1
2025-10-21,Maïs,2211,2,1
2025-10-22,Maïs,2114,2,1
2025-10-23,Maïs,2213,2,1
2025-10-24,Maïs,2364,3,1
2025-10-25,Maïs,2069,1,1
2025-10-26,Maïs,2442,3,1
2025-10-27,Maïs,2160,2,1
2025-10-28,Maïs,2263,2,1
2025-10-29,Maïs,2214,2,1
2025-10-30,Maïs,2451,3,1
2025-10-31,Maïs,2144,2,1
2025-11-01,Maïs,2481,3,1
2025-11-02,Maïs,2430,3,1
2025-11-03,Maïs,2145,2,1
2025-11-04,Maïs,2454,3,1
2025-11-05,Maïs,2424,3,1
2025-11-06,Maïs,2372,3,1
2025-11-07,Maïs,2486,3,1
2025-11-08,Maïs,2231,2,1
2025-11-09,Maïs,2427,3,1
2025-11-10,Maïs,2070,1,1
2025-11-11,Maïs,2070,1,1
2025-11-12,Maïs,2452,3,1
2025-11-13,Maïs,1996,1,1
2025-11-14,Maïs,2321,3,1
2025-11-15,Maïs,2053,1,1
2025-11-16,Maïs,2056,1,1
2025-11-17,Maïs,2090,1,1
2025-11-18,Maïs,2300,2,1
2025-11-19,Maïs,1983,1,1
2025-11-20,Maïs,2458,3,1
2025-11-21,Maïs,2113,2,1
2025-11-22,Maïs,2265,2,1
2025-11-23,Maïs,2018,1,1
2025-11-24,Maïs,1906,1,1
2025-11-25,Maïs,2156,2,1
2025-11-26,Maïs,2153,2,1
2025-11-27,Maïs,2304,3,1
2025-11-28,Maïs,2299,2,1
2025-11-29,Maïs,2179,2,1
2025-11-30,Maïs,2482,3,1
2025-12-01,Maïs,1949,1,1
2025-12-02,Maïs,2199,2,1
2025-12-03,Maïs,2302,3,1
2025-12-04,Maïs,2241,2,1
2025-12-05,Maïs,2062,1,1
2025-12-06,Maïs,2350,3,1
2025-12-07,Maïs,2183,2,1
2025-12-08,Maïs,2058,1,1
2025-12-09,Maïs,2019,1,1
2025-12-10,Maïs,1910,1,1
2025-12-11,Maïs,2480,3,1
2025-12-12,Maïs,2063,1,1
2025-12-13,Maïs,2283,2,1
2025-12-14,Maïs,2074,1,1
2025-12-15,Maïs,2241,2,1
2025-12-16,Maïs,2073,1,1
2025-12-17,Maïs,2116,2,1
2025-12-18,Maïs,2228,2,1
2025-12-19,Maïs,2375,3,1
2025-12-20,Maïs,2236,2,1
2025-12-21,Maïs,2304,3,1
2025-12-22,Maïs,2292,2,1
2025-12-23,Maïs,2227,2,1
2025-12-24,Maïs,2239,2,1
2025-12-25,Maïs,1931,1,1
2025-12-26,Maïs,2328,3,1
2025-12-27,Maïs,2368,3,1
2025-12-28,Maïs,2353,3,1
2025-12-29,Maïs,2302,3,1
2025-12-30,Maïs,2136,2,1
2025-12-31,Maïs,2082,1,1
2026-01-01,Maïs,1943,1,1
2026-01-02,Maïs,2171,2,1
2026-01-03,Maïs,1902,1,1
2026-01-04,Maïs,2311,3,1
2026-01-05,Maïs,2249,2,1
2026-01-06,Maïs,2120,2,1
2026-01-07,Maïs,1900,1,1
2026-01-08,Maïs,2151,2,1
2026-01-09,Maïs,2461,3,1
2026-01-10,Maïs,2394,3,1
2026-01-11,Maïs,2050,1,1
2026-01-12,Maïs,2321,3,1
2026-01-13,Maïs,2194,2,1
2026-01-14,Maïs,2091,1,1
2026-01-15,Maïs,2008,1,1
2026-01-16,Maïs,2138,2,1
2026-01-17,Maïs,1986,1,1
2026-01-18,Maïs,2148,2,1
2026-01-19,Maïs,2460,3,1
2026-01-20,Maïs,2248,2,1
2026-01-21,Maïs,2028,1,1
2026-01-22,Maïs,2222,2,1
2026-01-23,Maïs,2155,2,1
2026-01-24,Maïs,2273,2,1
2026-01-25,Maïs,2042,1,1
2026-01-26,Maïs,1902,1,1
2026-01-27,Maïs,2294,2,1
2026-01-28,Maïs,2169,2,1
2026-01-29,Maïs,2020,1,1
2026-01-30,Maïs,2076,1,1
2026-01-31,Maïs,2356,3,1
2026-02-01,Maïs,2471,3,1
2026-02-02,Maïs,2385,3,1
2026-02-03,Maïs,2013,1,1
2026-02-04,Maïs,2349,3,1
2025-01-01,Riz,3434,1,1
2025-01-02,Riz,3833,3,1
2025-01-03,Riz,3786,2,1
2025-01-04,Riz,3580,1,1
2025-01-05,Riz,3871,3,1
2025-01-06,Riz,3436,1,1
2025-01-07,Riz,3757,2,1
2025-01-08,Riz,3472,1,1
2025-01-09,Riz,3701,2,1
2025-01-10,Riz,3802,3,1
2025-01-11,Riz,3746,2,1
2025-01-12,Riz,3984,3,1
2025-01-13,Riz,3956,3,1
2025-01-14,Riz,3825,3,1
2025-01-15,Riz,3809,3,1
2025-01-16,Riz,3408,1,1
2025-01-17,Riz,3618,2,1
2025-01-18,Riz,3899,3,1
2025-01-19,Riz,3556,1,1
2025-01-20,Riz,3671,2,1
2025-01-21,Riz,3992,3,1
2025-01-22,Riz,3438,1,1
2025-01-23,Riz,3571,1,1
2025-01-24,Riz,3728,2,1
2025-01-25,Riz,3603,2,1
2025-01-26,Riz,3415,1,1
2025-01-27,Riz,3697,2,1
2025-01-28,Riz,3924,3,1
2025-01-29,Riz,3609,2,1
2025-01-30,Riz,3813,3,1
2025-01-31,Riz,3913,3,1
2025-02-01,Riz,3643,2,1
2025-02-02,Riz,3862,3,1
2025-02-03,Riz,3932,3,1
2025-02-04,Riz,3711,2,1
2025-02-05,Riz,3663,2,1
2025-02-06,Riz,3777,2,1
2025-02-07,Riz,3711,2,1
2025-02-08,Riz,3600,1,1
2025-02-09,Riz,3566,1,1
2025-02-10,Riz,3726,2,1
2025-02-11,Riz,3542,1,1
2025-02-12,Riz,3822,3,1
2025-02-13,Riz,3816,3,1
2025-02-14,Riz,3605,2,1
2025-02-15,Riz,3627,2,1
2025-02-16,Riz,3916,3,1
2025-02-17,Riz,3526,1,1
2025-02-18,Riz,3823,3,1
2025-02-19,Riz,3822,3,1
2025-02-20,Riz,3560,1,1
2025-02-21,Riz,3697,2,1
2025-02-22,Riz,3872,3,1
2025-02-23,Riz,3476,1,1
2025-02-24,Riz,3884,3,1
2025-02-25,Riz,3488,1,1
2025-02-26,Riz,3435,1,1
2025-02-27,Riz,3501,1,1
2025-02-28,Riz,3730,2,1
2025-03-01,Riz,3453,1,1
2025-03-02,Riz,3732,2,1
2025-03-03,Riz,3890,3,1
2025-03-04,Riz,3889,3,1
2025-03-05,Riz,3472,1,1
2025-03-06,Riz,3617,2,1
2025-03-07,Riz,3950,3,1
2025-03-08,Riz,3770,2,1
2025-03-09,Riz,3636,2,1
2025-03-10,Riz,3958,3,1
2025-03-11,Riz,3918,3,1
2025-03-12,Riz,3800,2,1
2025-03-13,Riz,3636,2,1
2025-03-14,Riz,3434,1,1
2025-03-15,Riz,3977,3,1
2025-03-16,Riz,3724,2,1
2025-03-17,Riz,3695,2,1
2025-03-18,Riz,3885,3,1
2025-03-19,Riz,3816,3,1
2025-03-20,Riz,3854,3,1
2025-03-21,Riz,3677,2,1
2025-03-22,Riz,3583,1,1
2025-03-23,Riz,3761,2,1
2025-03-24,Riz,3672,2,1
2025-03-25,Riz,3793,2,1
2025-03-26,Riz,3630,2,1
2025-03-27,Riz,3790,2,1
2025-03-28,Riz,3709,2,1
2025-03-29,Riz,3927,3,1
2025-03-30,Riz,3711,2,1
2025-03-31,Riz,3820,3,1
2025-04-01,Riz,3932,3,1
2025-04-02,Riz,3843,3,1
2025-04-03,Riz,3704,2,1
2025-04-04,Riz,3448,1,1
2025-04-05,Riz,3944,3,1
2025-04-06,Riz,3855,3,1
2025-04-07,Riz,3823,3,1
2025-04-08,Riz,3729,2,1
2025-04-09,Riz,3708,2,1
2025-04-10,Riz,3870,3,1
2025-04-11,Riz,3807,3,1
2025-04-12,Riz,3628,2,1
2025-04-13,Riz,3933,3,1
2025-04-14,Riz,3943,3,1
2025-04-15,Riz,3705,2,1
2025-04-16,Riz,3810,3,1
2025-04-17,Riz,3785,2,1
2025-04-18,Riz,3415,1,1
2025-04-19,Riz,3472,1,1
2025-04-20,Riz,3780,2,1
2025-04-21,Riz,3778,2,1
2025-04-22,Riz,3522,1,1
2025-04-23,Riz,3989,3,1
2025-04-24,Riz,3637,2,1
2025-04-25,Riz,3458,1,1
2025-04-26,Riz,3920,3,1
2025-04-27,Riz,3832,3,1
2025-04-28,Riz,3402,1,1
2025-04-29,Riz,3517,1,1
2025-04-30,Riz,3772,2,1
2025-05-01,Riz,3931,3,1
2025-05-02,Riz,3922,3,1
2025-05-03,Riz,3410,1,1
2025-05-04,Riz,3408,1,1
2025-05-05,Riz,3800,3,1
2025-05-06,Riz,3591,1,1
2025-05-07,Riz,3988,3,1
2025-05-08,Riz,3956,3,1
2025-05-09,Riz,3864,3,1
2025-05-10,Riz,3597,1,1
2025-05-11,Riz,3499,1,1
2025-05-12,Riz,3828,3,1
2025-05-13,Riz,3955,3,1
2025-05-14,Riz,3672,2,1
2025-05-15,Riz,3670,2,1
2025-05-16,Riz,4000,3,1
2025-05-17,Riz,3645,2,1
2025-05-18,Riz,3449,1,1
2025-05-19,Riz,3887,3,1
2025-05-20,Riz,3973,3,1
2025-05-21,Riz,3539,1,1
2025-05-22,Riz,3676,2,1
2025-05-23,Riz,3769,2,1
2025-05-24,Riz,3773,2,1
2025-05-25,Riz,3537,1,1
2025-05-26,Riz,3658,2,1
2025-05-27,Riz,3488,1,1
2025-05-28,Riz,3615,2,1
2025-05-29,Riz,3760,2,1
2025-05-30,Riz,3539,1,1
2025-05-31,Riz,3714,2,1
2025-06-01,Riz,3172,1,0
2025-06-02,Riz,3440,2,0
2025-06-03,Riz,3496,2,0
2025-06-04,Riz,3653,3,0
2025-06-05,Riz,3625,3,0
2025-06-06,Riz,3232,1,0
2025-06-07,Riz,3468,2,0
2025-06-08,Riz,3396,2,0
2025-06-09,Riz,3504,3,0
2025-06-10,Riz,3144,1,0
2025-06-11,Riz,3423,2,0
2025-06-12,Riz,3198,1,0
2025-06-13,Riz,3178,1,0
2025-06-14,Riz,3531,3,0
2025-06-15,Riz,3377,2,0
2025-06-16,Riz,3647,3,0
2025-06-17,Riz,3700,3,0
2025-06-18,Riz,3228,1,0
2025-06-19,Riz,3363,2,0
2025-06-20,Riz,3463,2,0
2025-06-21,Riz,3322,2,0
2025-06-22,Riz,3516,3,0
2025-06-23,Riz,3669,3,0
2025-06-24,Riz,3142,1,0
2025-06-25,Riz,3281,1,0
2025-06-26,Riz,3265,1,0
2025-06-27,Riz,3184,1,0
2025-06-28,Riz,3151,1,0
2025-06-29,Riz,3223,1,0
2025-06-30,Riz,3231,1,0
2025-07-01,Riz,3530,3,0
2025-07-02,Riz,3215,1,0
2025-07-03,Riz,3163,1,0
2025-07-04,Riz,3679,3,0
2025-07-05,Riz,3668,3,0
2025-07-06,Riz,3302,2,0
2025-07-07,Riz,3402,2,0
2025-07-08,Riz,3249,1,0
2025-07-09,Riz,3502,3,0
2025-07-10,Riz,3612,3,0
2025-07-11,Riz,3149,1,0
2025-07-12,Riz,3670,3,0
2025-07-13,Riz,3250,1,0
2025-07-14,Riz,3354,2,0
2025-07-15,Riz,3543,3,0
2025-07-16,Riz,3240,1,0
2025-07-17,Riz,3216,1,0
2025-07-18,Riz,3468,2,0
2025-07-19,Riz,3394,2,0
2025-07-20,Riz,3185,1,0
2025-07-21,Riz,3150,1,0
2025-07-22,Riz,3585,3,0
2025-07-23,Riz,3185,1,0
2025-07-24,Riz,3544,3,0
2025-07-25,Riz,3130,1,0
2025-07-26,Riz,3196,1,0
2025-07-27,Riz,3229,1,0
2025-07-28,Riz,3512,3,0
2025-07-29,Riz,3154,1,0
2025-07-30,Riz,3288,1,0
2025-07-31,Riz,3599,3,0
2025-08-01,Riz,3332,2,0
2025-08-02,Riz,3332,2,0
2025-08-03,Riz,3600,3,0
2025-08-04,Riz,3525,3,0
2025-08-05,Riz,3618,3,0
2025-08-06,Riz,3449,2,0
2025-08-07,Riz,3204,1,0
2025-08-08,Riz,3596,3,0
2025-08-09,Riz,3255,1,0
2025-08-10,Riz,3458,2,0
2025-08-11,Riz,3551,3,0
2025-08-12,Riz,3341,2,0
2025-08-13,Riz,3596,3,0
2025-08-14,Riz,3393,2,0
2025-08-15,Riz,3291,1,0
2025-08-16,Riz,3182,1,0
2025-08-17,Riz,3375,2,0
2025-08-18,Riz,3513,3,0
2025-08-19,Riz,3487,2,0
2025-08-20,Riz,3304,2,0
2025-08-21,Riz,3144,1,0
2025-08-22,Riz,3449,2,0
2025-08-23,Riz,3610,3,0
2025-08-24,Riz,3636,3,0
2025-08-25,Riz,3661,3,0
2025-08-26,Riz,3525,3,0
2025-08-27,Riz,3332,2,0
2025-08-28,Riz,3374,2,0
2025-08-29,Riz,3609,3,0
2025-08-30,Riz,3683,3,0
2025-08-31,Riz,3484,2,0
2025-09-01,Riz,3380,2,0
2025-09-02,Riz,3252,1,0
2025-09-03,Riz,3675,3,0
2025-09-04,Riz,3423,2,0
2025-09-05,Riz,3166,1,0
2025-09-06,Riz,3428,2,0
2025-09-07,Riz,3545,3,0
2025-09-08,Riz,3314,2,0
2025-09-09,Riz,3417,2,0
2025-09-10,Riz,3689,3,0
2025-09-11,Riz,3520,3,0
2025-09-12,Riz,3119,1,0
2025-09-13,Riz,3671,3,0
2025-09-14,Riz,3626,3,0
2025-09-15,Riz,3313,2,0
2025-09-16,Riz,3472,2,0
2025-09-17,Riz,3486,2,0
2025-09-18,Riz,3571,3,0
2025-09-19,Riz,3403,2,0
2025-09-20,Riz,3232,1,0
2025-09-21,Riz,3400,2,0
2025-09-22,Riz,3232,1,0
2025-09-23,Riz,3160,1,0
2025-09-24,Riz,3674,3,0
2025-09-25,Riz,3579,3,0
2025-09-26,Riz,3138,1,0
2025-09-27,Riz,3664,3,0
2025-09-28,Riz,3212,1,0
2025-09-29,Riz,3337,2,0
2025-09-30,Riz,3187,1,0
2025-10-01,Riz,3637,2,1
2025-10-02,Riz,3512,1,1
2025-10-03,Riz,3796,2,1
2025-10-04,Riz,3545,1,1
2025-10-05,Riz,3519,1,1
2025-10-06,Riz,3710,2,1
2025-10-07,Riz,3456,1,1
2025-10-08,Riz,3746,2,1
2025-10-09,Riz,3639,2,1
2025-10-10,Riz,3857,3,1
2025-10-11,Riz,3864,3,1
2025-10-12,Riz,3625,2,1
2025-10-13,Riz,3812,3,1
2025-10-14,Riz,3850,3,1
2025-10-15,Riz,3834,3,1
2025-10-16,Riz,3965,3,1
2025-10-17,Riz,3444,1,1
2025-10-18,Riz,3950,3,1
2025-10-19,Riz,3540,1,1
2025-10-20,Riz,3985,3,1
2025-10-21,Riz,3800,2,1
2025-10-22,Riz,3477,1,1
2025-10-23,Riz,3546,1,1
2025-10-24,Riz,3594,1,1
2025-10-25,Riz,3440,1,1
2025-10-26,Riz,3874,3,1
2025-10-27,Riz,3979,3,1
2025-10-28,Riz,3493,1,1
2025-10-29,Riz,3607,2,1
2025-10-30,Riz,3754,2,1
2025-10-31,Riz,3613,2,1
2025-11-01,Riz,3846,3,1
2025-11-02,Riz,3939,3,1
2025-11-03,Riz,3908,3,1
2025-11-04,Riz,3988,3,1
2025-11-05,Riz,3582,1,1
2025-11-06,Riz,3438,1,1
2025-11-07,Riz,3822,3,1
2025-11-08,Riz,3426,1,1
2025-11-09,Riz,3991,3,1
2025-11-10,Riz,3850,3,1
2025-11-11,Riz,3722,2,1
2025-11-12,Riz,3953,3,1
2025-11-13,Riz,3614,2,1
2025-11-14,Riz,3526,1,1
2025-11-15,Riz,3565,1,1
2025-11-16,Riz,3721,2,1
2025-11-17,Riz,3830,3,1
2025-11-18,Riz,3552,1,1
2025-11-19,Riz,3844,3,1
2025-11-20,Riz,3923,3,1
2025-11-21,Riz,3833,3,1
2025-11-22,Riz,3867,3,1
2025-11-23,Riz,3702,2,1
2025-11-24,Riz,3596,1,1
2025-11-25,Riz,3951,3,1
2025-11-26,Riz,3916,3,1
2025-11-27,Riz,3463,1,1
2025-11-28,Riz,3497,1,1
2025-11-29,Riz,3972,3,1
2025-11-30,Riz,3973,3,1
2025-12-01,Riz,3510,1,1
2025-12-02,Riz,3940,3,1
2025-12-03,Riz,3513,1,1
2025-12-04,Riz,3924,3,1
2025-12-05,Riz,3981,3,1
2025-12-06,Riz,3734,2,1
2025-12-07,Riz,3758,2,1
2025-12-08,Riz,3729,2,1
2025-12-09,Riz,3572,1,1
2025-12-10,Riz,3888,3,1
2025-12-11,Riz,3623,2,1
2025-12-12,Riz,3850,3,1
2025-12-13,Riz,3904,3,1
2025-12-14,Riz,3624,2,1
2025-12-15,Riz,3644,2,1
2025-12-16,Riz,3728,2,1
2025-12-17,Riz,3478,1,1
2025-12-18,Riz,3500,1,1
2025-12-19,Riz,3919,3,1
2025-12-20,Riz,3853,3,1
2025-12-21,Riz,3678,2,1
2025-12-22,Riz,3860,3,1
2025-12-23,Riz,3514,1,1
2025-12-24,Riz,3838,3,1
2025-12-25,Riz,3832,3,1
2025-12-26,Riz,3717,2,1
2025-12-27,Riz,3688,2,1
2025-12-28,Riz,3522,1,1
2025-12-29,Riz,3541,1,1
2025-12-30,Riz,3649,2,1
2025-12-31,Riz,3472,1,1
2026-01-01,Riz,3417,1,1
2026-01-02,Riz,3454,1,1
2026-01-03,Riz,3754,2,1
2026-01-04,Riz,3518,1,1
2026-01-05,Riz,3633,2,1
2026-01-06,Riz,3992,3,1
2026-01-07,Riz,3757,2,1
2026-01-08,Riz,3582,1,1
2026-01-09,Riz,3536,1,1
2026-01-10,Riz,3833,3,1
2026-01-11,Riz,3928,3,1
2026-01-12,Riz,3596,1,1
2026-01-13,Riz,3982,3,1
2026-01-14,Riz,3779,2,1
2026-01-15,Riz,3706,2,1
2026-01-16,Riz,3430,1,1
2026-01-17,Riz,3694,2,1
2026-01-18,Riz,3411,1,1
2026-01-19,Riz,3611,2,1
2026-01-20,Riz,3711,2,1
2026-01-21,Riz,3567,1,1
2026-01-22,Riz,3539,1,1
2026-01-23,Riz,3766,2,1
2026-01-24,Riz,3453,1,1
2026-01-25,Riz,3616,2,1
2026-01-26,Riz,3431,1,1
2026-01-27,Riz,3665,2,1
2026-01-28,Riz,3715,2,1
2026-01-29,Riz,3776,2,1
2026-01-30,Riz,3663,2,1
2026-01-31,Riz,3408,1,1
2026-02-01,Riz,3511,1,1
2026-02-02,Riz,3728,2,1
2026-02-03,Riz,3567,1,1
2026-02-04,Riz,3997,3,1
2025-01-01,Pomme de terre,3018,1,1
2025-01-02,Pomme de terre,3015,1,1
2025-01-03,Pomme de terre,3290,2,1
2025-01-04,Pomme de terre,3296,2,1
2025-01-05,Pomme de terre,3294,2,1
2025-01-06,Pomme de terre,3095,1,1
2025-01-07,Pomme de terre,3317,3,1
2025-01-08,Pomme de terre,3049,1,1
2025-01-09,Pomme de terre,3300,3,1
2025-01-10,Pomme de terre,3086,1,1
2025-01-11,Pomme de terre,2900,1,1
2025-01-12,Pomme de terre,3495,3,1
2025-01-13,Pomme de terre,3364,3,1
2025-01-14,Pomme de terre,3483,3,1
2025-01-15,Pomme de terre,3260,2,1
2025-01-16,Pomme de terre,3473,3,1
2025-01-17,Pomme de terre,3346,3,1
2025-01-18,Pomme de terre,3190,2,1
2025-01-19,Pomme de terre,2970,1,1
2025-01-20,Pomme de terre,3308,3,1
2025-01-21,Pomme de terre,3243,2,1
2025-01-22,Pomme de terre,3172,2,1
2025-01-23,Pomme de terre,3302,3,1
2025-01-24,Pomme de terre,3165,2,1
2025-01-25,Pomme de terre,3050,1,1
2025-01-26,Pomme de terre,3264,2,1
2025-01-27,Pomme de terre,3198,2,1
2025-01-28,Pomme de terre,3038,1,1
2025-01-29,Pomme de terre,3255,2,1
2025-01-30,Pomme de terre,3081,1,1
2025-01-31,Pomme de terre,3191,2,1
2025-02-01,Pomme de terre,3041,1,1
2025-02-02,Pomme de terre,3294,2,1
2025-02-03,Pomme de terre,3396,3,1
2025-02-04,Pomme de terre,3057,1,1
2025-02-05,Pomme de terre,3364,3,1
2025-02-06,Pomme de terre,3375,3,1
2025-02-07,Pomme de terre,3306,3,1
2025-02-08,Pomme de terre,2964,1,1
2025-02-09,Pomme de terre,3043,1,1
2025-02-10,Pomme de terre,3082,1,1
2025-02-11,Pomme de terre,3204,2,1
2025-02-12,Pomme de terre,3275,2,1
2025-02-13,Pomme de terre,3058,1,1
2025-02-14,Pomme de terre,3157,2,1
2025-02-15,Pomme de terre,3007,1,1
2025-02-16,Pomme de terre,3001,1,1
2025-02-17,Pomme de terre,3161,2,1
2025-02-18,Pomme de terre,2902,1,1
2025-02-19,Pomme de terre,3216,2,1
2025-02-20,Pomme de terre,3008,1,1
2025-02-21,Pomme de terre,3008,1,1
2025-02-22,Pomme de terre,3287,2,1
2025-02-23,Pomme de terre,3337,3,1
2025-02-24,Pomme de terre,3255,2,1
2025-02-25,Pomme de terre,2963,1,1
2025-02-26,Pomme de terre,3042,1,1
2025-02-27,Pomme de terre,3375,3,1
2025-02-28,Pomme de terre,2933,1,1
2025-03-01,Pomme de terre,3058,1,1
2025-03-02,Pomme de terre,3073,1,1
2025-03-03,Pomme de terre,3024,1,1
2025-03-04,Pomme de terre,3456,3,1
2025-03-05,Pomme de terre,3299,2,1
2025-03-06,Pomme de terre,2946,1,1
2025-03-07,Pomme de terre,3021,1,1
2025-03-08,Pomme de terre,3198,2,1
2025-03-09,Pomme de terre,3381,3,1
2025-03-10,Pomme de terre,3420,3,1
2025-03-11,Pomme de terre,3323,3,1
2025-03-12,Pomme de terre,3183,2,1
2025-03-13,Pomme de terre,2904,1,1
2025-03-14,Pomme de terre,3141,2,1
2025-03-15,Pomme de terre,3435,3,1
2025-03-16,Pomme de terre,2945,1,1
2025-03-17,Pomme de terre,3105,2,1
2025-03-18,Pomme de terre,2936,1,1
2025-03-19,Pomme de terre,3040,1,1
2025-03-20,Pomme de terre,3335,3,1
2025-03-21,Pomme de terre,3480,3,1
2025-03-22,Pomme de terre,3491,3,1
2025-03-23,Pomme de terre,3451,3,1
2025-03-24,Pomme de terre,3047,1,1
2025-03-25,Pomme de terre,3326,3,1
2025-03-26,Pomme de terre,3196,2,1
2025-03-27,Pomme de terre,3055,1,1
2025-03-28,Pomme de terre,2987,1,1
2025-03-29,Pomme de terre,3016,1,1
2025-03-30,Pomme de terre,3070,1,1
2025-03-31,Pomme de terre,3380,3,1
2025-04-01,Pomme de terre,3327,3,1
2025-04-02,Pomme de terre,3110,2,1
2025-04-03,Pomme de terre,2938,1,1
2025-04-04,Pomme de terre,2976,1,1
2025-04-05,Pomme de terre,3275,2,1
2025-04-06,Pomme de terre,3462,3,1
2025-04-07,Pomme de terre,2960,1,1
2025-04-08,Pomme de terre,3438,3,1
2025-04-09,Pomme de terre,3016,1,1
2025-04-10,Pomme de terre,3175,2,1
2025-04-11,Pomme de terre,3030,1,1
2025-04-12,Pomme de terre,3479,3,1
2025-04-13,Pomme de terre,2933,1,1
2025-04-14,Pomme de terre,3143,2,1
2025-04-15,Pomme de terre,3150,2,1
2025-04-16,Pomme de terre,3101,2,1
2025-04-17,Pomme de terre,3430,3,1
2025-04-18,Pomme de terre,3134,2,1
2025-04-19,Pomme de terre,3321,3,1
2025-04-20,Pomme de terre,3167,2,1
2025-04-21,Pomme de terre,3500,3,1
2025-04-22,Pomme de terre,2939,1,1
2025-04-23,Pomme de terre,3172,2,1
2025-04-24,Pomme de terre,3302,3,1
2025-04-25,Pomme de terre,3288,2,1
2025-04-26,Pomme de terre,3241,2,1
2025-04-27,Pomme de terre,2961,1,1
2025-04-28,Pomme de terre,3146,2,1
2025-04-29,Pomme de terre,3141,2,1
2025-04-30,Pomme de terre,3320,3,1
2025-05-01,Pomme de terre,3139,2,1
2025-05-02,Pomme de terre,2925,1,1
2025-05-03,Pomme de terre,3256,2,1
2025-05-04,Pomme de terre,3114,2,1
2025-05-05,Pomme de terre,3414,3,1
2025-05-06,Pomme de terre,3144,2,1
2025-05-07,Pomme de terre,3388,3,1
2025-05-08,Pomme de terre,3013,1,1
2025-05-09,Pomme de terre,3428,3,1
2025-05-10,Pomme de terre,3027,1,1
2025-05-11,Pomme de terre,3004,1,1
2025-05-12,Pomme de terre,3265,2,1
2025-05-13,Pomme de terre,3299,2,1
2025-05-14,Pomme de terre,3330,3,1
2025-05-15,Pomme de terre,3230,2,1
2025-05-16,Pomme de terre,3276,2,1
2025-05-17,Pomme de terre,3215,2,1
2025-05-18,Pomme de terre,3040,1,1
2025-05-19,Pomme de terre,3182,2,1
2025-05-20,Pomme de terre,3319,3,1
2025-05-21,Pomme de terre,3381,3,1
2025-05-22,Pomme de terre,3035,1,1
2025-05-23,Pomme de terre,3224,2,1
2025-05-24,Pomme de terre,3347,3,1
2025-05-25,Pomme de terre,3000,1,1
2025-05-26,Pomme de terre,3484,3,1
2025-05-27,Pomme de terre,3091,1,1
2025-05-28,Pomme de terre,3012,1,1
2025-05-29,Pomme de terre,3044,1,1
2025-05-30,Pomme de terre,3437,3,1
2025-05-31,Pomme de terre,3355,3,1
2025-06-01,Pomme de terre,3015,3,0
2025-06-02,Pomme de terre,2905,2,0
2025-06-03,Pomme de terre,3178,3,0
2025-06-04,Pomme de terre,3073,3,0
2025-06-05,Pomme de terre,2800,2,0
2025-06-06,Pomme de terre,2888,2,0
2025-06-07,Pomme de terre,2715,1,0
2025-06-08,Pomme de terre,2830,2,0
2025-06-09,Pomme de terre,2655,1,0
2025-06-10,Pomme de terre,2808,2,0
2025-06-11,Pomme de terre,2845,2,0
2025-06-12,Pomme de terre,2925,2,0
2025-06-13,Pomme de terre,2928,2,0
2025-06-14,Pomme de terre,2615,1,0
2025-06-15,Pomme de terre,3165,3,0
2025-06-16,Pomme de terre,2914,2,0
2025-06-17,Pomme de terre,3179,3,0
2025-06-18,Pomme de terre,2736,1,0
2025-06-19,Pomme de terre,3117,3,0
2025-06-20,Pomme de terre,3113,3,0
2025-06-21,Pomme de terre,2980,2,0
2025-06-22,Pomme de terre,2969,2,0
2025-06-23,Pomme de terre,3041,3,0
2025-06-24,Pomme de terre,2942,2,0
2025-06-25,Pomme de terre,2651,1,0
2025-06-26,Pomme de terre,2928,2,0
2025-06-27,Pomme de terre,2698,1,0
2025-06-28,Pomme de terre,2920,2,0
2025-06-29,Pomme de terre,3030,3,0
2025-06-30,Pomme de terre,2719,1,0
2025-07-01,Pomme de terre,2869,2,0
2025-07-02,Pomme de terre,3137,3,0
2025-07-03,Pomme de terre,2968,2,0
2025-07-04,Pomme de terre,3107,3,0
2025-07-05,Pomme de terre,2652,1,0
2025-07-06,Pomme de terre,3095,3,0
2025-07-07,Pomme de terre,2815,2,0
2025-07-08,Pomme de terre,3021,3,0
2025-07-09,Pomme de terre,2668,1,0
2025-07-10,Pomme de terre,3089,3,0
2025-07-11,Pomme de terre,3047,3,0
2025-07-12,Pomme de terre,2653,1,0
2025-07-13,Pomme de terre,2943,2,0
2025-07-14,Pomme de terre,2693,1,0
2025-07-15,Pomme de terre,2926,2,0
2025-07-16,Pomme de terre,2620,1,0
2025-07-17,Pomme de terre,3137,3,0
2025-07-18,Pomme de terre,2838,2,0
2025-07-19,Pomme de terre,3191,3,0
2025-07-20,Pomme de terre,3139,3,0
2025-07-21,Pomme de terre,2658,1,0
2025-07-22,Pomme de terre,2969,2,0
2025-07-23,Pomme de terre,2796,1,0
2025-07-24,Pomme de terre,3036,3,0
2025-07-25,Pomme de terre,3038,3,0
2025-07-26,Pomme de terre,2635,1,0
2025-07-27,Pomme de terre,2899,2,0
2025-07-28,Pomme de terre,2725,1,0
2025-07-29,Pomme de terre,2964,2,0
2025-07-30,Pomme de terre,3067,3,0
2025-07-31,Pomme de terre,2719,1,0
2025-08-01,Pomme de terre,3163,3,0
2025-08-02,Pomme de terre,2974,2,0
2025-08-03,Pomme de terre,2973,2,0
2025-08-04,Pomme de terre,3177,3,0
2025-08-05,Pomme de terre,3179,3,0
2025-08-06,Pomme de terre,3126,3,0
2025-08-07,Pomme de terre,3115,3,0
2025-08-08,Pomme de terre,3042,3,0
2025-08-09,Pomme de terre,2840,2,0
2025-08-10,Pomme de terre,2702,1,0
2025-08-11,Pomme de terre,2799,1,0
2025-08-12,Pomme de terre,2781,1,0
2025-08-13,Pomme de terre,3108,3,0
2025-08-14,Pomme de terre,3062,3,0
2025-08-15,Pomme de terre,3029,3,0
2025-08-16,Pomme de terre,3008,3,0
2025-08-17,Pomme de terre,2744,1,0
2025-08-18,Pomme de terre,2803,2,0
2025-08-19,Pomme de terre,2994,2,0
2025-08-20,Pomme de terre,2775,1,0
2025-08-21,Pomme de terre,2610,1,0
2025-08-22,Pomme de terre,2990,2,0
2025-08-23,Pomme de terre,3122,3,0
2025-08-24,Pomme de terre,2814,2,0
2025-08-25,Pomme de terre,2701,1,0
2025-08-26,Pomme de terre,2850,2,0
2025-08-27,Pomme de terre,2649,1,0
2025-08-28,Pomme de terre,2912,2,0
2025-08-29,Pomme de terre,2957,2,0
2025-08-30,Pomme de terre,2841,2,0
2025-08-31,Pomme de terre,2871,2,0
2025-09-01,Pomme de terre,2734,1,0
2025-09-02,Pomme de terre,2951,2,0
2025-09-03,Pomme de terre,2611,1,0
2025-09-04,Pomme de terre,3191,3,0
2025-09-05,Pomme de terre,2947,2,0
2025-09-06,Pomme de terre,2762,1,0
2025-09-07,Pomme de terre,3022,3,0
2025-09-08,Pomme de terre,2656,1,0
2025-09-09,Pomme de terre,3040,3,0
2025-09-10,Pomme de terre,2749,1,0
2025-09-11,Pomme de terre,3088,3,0
2025-09-12,Pomme de terre,2734,1,0
2025-09-13,Pomme de terre,2988,2,0
2025-09-14,Pomme de terre,3058,3,0
2025-09-15,Pomme de terre,2874,2,0
2025-09-16,Pomme de terre,2696,1,0
2025-09-17,Pomme de terre,2619,1,0
2025-09-18,Pomme de terre,2651,1,0
2025-09-19,Pomme de terre,2948,2,0
2025-09-20,Pomme de terre,3120,3,0
2025-09-21,Pomme de terre,2827,2,0
2025-09-22,Pomme de terre,2815,2,0
2025-09-23,Pomme de terre,2815,2,0
2025-09-24,Pomme de terre,2801,2,0
2025-09-25,Pomme de terre,3117,3,0
2025-09-26,Pomme de terre,3015,3,0
2025-09-27,Pomme de terre,2782,1,0
2025-09-28,Pomme de terre,2764,1,0
2025-09-29,Pomme de terre,2810,2,0
2025-09-30,Pomme de terre,2820,2,0
2025-10-01,Pomme de terre,2922,1,1
2025-10-02,Pomme de terre,3259,2,1
2025-10-03,Pomme de terre,3391,3,1
2025-10-04,Pomme de terre,3432,3,1
2025-10-05,Pomme de terre,3479,3,1
2025-10-06,Pomme de terre,2952,1,1
2025-10-07,Pomme de terre,3146,2,1
2025-10-08,Pomme de terre,2947,1,1
2025-10-09,Pomme de terre,3343,3,1
2025-10-10,Pomme de terre,3400,3,1
2025-10-11,Pomme de terre,3456,3,1
2025-10-12,Pomme de terre,3248,2,1
2025-10-13,Pomme de terre,3382,3,1
2025-10-14,Pomme de terre,3219,2,1
2025-10-15,Pomme de terre,3256,2,1
2025-10-16,Pomme de terre,3101,2,1
2025-10-17,Pomme de terre,3245,2,1
2025-10-18,Pomme de terre,3164,2,1
2025-10-19,Pomme de terre,3397,3,1
2025-10-20,Pomme de terre,3349,3,1
2025-10-21,Pomme de terre,3161,2,1
2025-10-22,Pomme de terre,2937,1,1
2025-10-23,Pomme de terre,3396,3,1
2025-10-24,Pomme de terre,3044,1,1
2025-10-25,Pomme de terre,3338,3,1
2025-10-26,Pomme de terre,3370,3,1
2025-10-27,Pomme de terre,3329,3,1
2025-10-28,Pomme de terre,3257,2,1
2025-10-29,Pomme de terre,3313,3,1
2025-10-30,Pomme de terre,2940,1,1
2025-10-31,Pomme de terre,3123,2,1
2025-11-01,Pomme de terre,3109,2,1
2025-11-02,Pomme de terre,3262,2,1
2025-11-03,Pomme de terre,3427,3,1
2025-11-04,Pomme de terre,2941,1,1
2025-11-05,Pomme de terre,3077,1,1
2025-11-06,Pomme de terre,3153,2,1
2025-11-07,Pomme de terre,3385,3,1
2025-11-08,Pomme de terre,3042,1,1
2025-11-09,Pomme de terre,2937,1,1
2025-11-10,Pomme de terre,3289,2,1
2025-11-11,Pomme de terre,3334,3,1
2025-11-12,Pomme de terre,3374,3,1
2025-11-13,Pomme de terre,3237,2,1
2025-11-14,Pomme de terre,3466,3,1
2025-11-15,Pomme de terre,3177,2,1
2025-11-16,Pomme de terre,3133,2,1
2025-11-17,Pomme de terre,2985,1,1
2025-11-18,Pomme de terre,3163,2,1
2025-11-19,Pomme de terre,3017,1,1
2025-11-20,Pomme de terre,3233,2,1
2025-11-21,Pomme de terre,3015,1,1
2025-11-22,Pomme de terre,3244,2,1
2025-11-23,Pomme de terre,3206,2,1
2025-11-24,Pomme de terre,3487,3,1
2025-11-25,Pomme de terre,3297,2,1
2025-11-26,Pomme de terre,3198,2,1
2025-11-27,Pomme de terre,3473,3,1
2025-11-28,Pomme de terre,3294,2,1
2025-11-29,Pomme de terre,3412,3,1
2025-11-30,Pomme de terre,2952,1,1
2025-12-01,Pomme de terre,3326,3,1
2025-12-02,Pomme de terre,3381,3,1
2025-12-03,Pomme de terre,3255,2,1
2025-12-04,Pomme de terre,3168,2,1
2025-12-05,Pomme de terre,3166,2,1
2025-12-06,Pomme de terre,3499,3,1
2025-12-07,Pomme de terre,3216,2,1
2025-12-08,Pomme de terre,3331,3,1
2025-12-09,Pomme de terre,3280,2,1
2025-12-10,Pomme de terre,2967,1,1
2025-12-11,Pomme de terre,2916,1,1
2025-12-12,Pomme de terre,3199,2,1
2025-12-13,Pomme de terre,3421,3,1
2025-12-14,Pomme de terre,2931,1,1
2025-12-15,Pomme de terre,3495,3,1
2025-12-16,Pomme de terre,3329,3,1
2025-12-17,Pomme de terre,3156,2,1
2025-12-18,Pomme de terre,3333,3,1
2025-12-19,Pomme de terre,3188,2,1
2025-12-20,Pomme de terre,3267,2,1
2025-12-21,Pomme de terre,3073,1,1
2025-12-22,Pomme de terre,3379,3,1
2025-12-23,Pomme de terre,3299,2,1
2025-12-24,Pomme de terre,3238,2,1
2025-12-25,Pomme de terre,3364,3,1
2025-12-26,Pomme de terre,3213,2,1
2025-12-27,Pomme de terre,3030,1,1
2025-12-28,Pomme de terre,3141,2,1
2025-12-29,Pomme de terre,3385,3,1
2025-12-30,Pomme de terre,3255,2,1
2025-12-31,Pomme de terre,3459,3,1
2026-01-01,Pomme de terre,3131,2,1
2026-01-02,Pomme de terre,3371,3,1
2026-01-03,Pomme de terre,3291,2,1
2026-01-04,Pomme de terre,3362,3,1
2026-01-05,Pomme de terre,3321,3,1
2026-01-06,Pomme de terre,3386,3,1
2026-01-07,Pomme de terre,2935,1,1
2026-01-08,Pomme de terre,3068,1,1
2026-01-09,Pomme de terre,3044,1,1
2026-01-10,Pomme de terre,3428,3,1
2026-01-11,Pomme de terre,3419,3,1
2026-01-12,Pomme de terre,3047,1,1
2026-01-13,Pomme de terre,3319,3,1
2026-01-14,Pomme de terre,3275,2,1
2026-01-15,Pomme de terre,3054,1,1
2026-01-16,Pomme de terre,3007,1,1
2026-01-17,Pomme de terre,3072,1,1
2026-01-18,Pomme de terre,3440,3,1
2026-01-19,Pomme de terre,2916,1,1
2026-01-20,Pomme de terre,3070,1,1
2026-01-21,Pomme de terre,3090,1,1
2026-01-22,Pomme de terre,3323,3,1
2026-01-23,Pomme de terre,2946,1,1
2026-01-24,Pomme de terre,3186,2,1
2026-01-25,Pomme de terre,3218,2,1
2026-01-26,Pomme de terre,3149,2,1
2026-01-27,Pomme de terre,3498,3,1
2026-01-28,Pomme de terre,3435,3,1
2026-01-29,Pomme de terre,3338,3,1
2026-01-30,Pomme de terre,3011,1,1
2026-01-31,Pomme de terre,3374,3,1
2026-02-01,Pomme de terre,3393,3,1
2026-02-02,Pomme de terre,3468,3,1
2026-02-03,Pomme de terre,3020,1,1
2026-02-04,Pomme de terre,2992,1,1
